"Transaction Hash","Status","Type","Method ","Block","Age","From","From_NameTag","To","To_NameTag","Amount","Value (USD)","Asset","Txn Fee"
"0x975d651393931ced914ea5933f65b10174757709f23fb4fc3f3ca343f4ba5fea ","Success","Tx","Flash Loan Simple","24892349","6 hrs ago","0xD1E70DaFCAc191F55Cc5A67e78B742B3153220cc"," 0xD1E70DaF...3153220cc ","0x87870bca3f3fd6335c3f4ce8392d69350b4fa4e2"," Aave: Pool V3 ","0","$0.00","Ethereum(ETH)","0.00008679"
"0xa3d86def538c57bc1aa467b196d653c5b382eb35546edc1ee28c9e86fd4c1148 ","Success","Tx","Flash Loan Simple","24892082","7 hrs ago","0x54e3ae2c3ba2808a21a34914f017749830712d63","bastosm.eth  ","0x87870bca3f3fd6335c3f4ce8392d69350b4fa4e2"," Aave: Pool V3 ","0","$0.00","Ethereum(ETH)","0.0019465"
" 0xe3da93c5770618ff5ba5391eb7f26755a79ecb5b02d4e44087c97868a9dc628d ","Error in Txn","Tx","Flash Loan Simple","24891875","8 hrs ago","0xC2Dc142198C1767815BD1E32603742605B28e16a"," 0xC2Dc1421...05B28e16a ","0x87870bca3f3fd6335c3f4ce8392d69350b4fa4e2"," Aave: Pool V3 ","0","$0.00","Ethereum(ETH)","0.00032371"
"0xe55b82133464c2e78ac6bab5d1e0f03e0069de183734b7f58fa6a6255c4cbddf ","Success","Tx","Flash Loan Simple","24891522","9 hrs ago","0x76Fcb699A7Fe8BE9A24d4246B6c2799F3a0b5f84"," 0x76Fcb699...F3a0b5f84 ","0x87870bca3f3fd6335c3f4ce8392d69350b4fa4e2"," Aave: Pool V3 ","0","$0.00","Ethereum(ETH)","0.00164605"
"0x32daaa1767e1b48b5310889083e931f22dad27673571abc83aba73b01a7a2230 ","Success","Tx","Flash Loan Simple","24890975","11 hrs ago","0x79063d9173C09887d536924E2F6eADbaBAc099f5"," 0x79063d91...aBAc099f5 ","0x87870bca3f3fd6335c3f4ce8392d69350b4fa4e2"," Aave: Pool V3 ","0","$0.00","Ethereum(ETH)","0.00041492"
"0x75a676ac75ab4be51b8d40d23c3962f9c114d8c4640cd616ee296d09c5764ef6 ","Success","Tx","Flash Loan Simple","24890200","14 hrs ago","0xf4f9da5f0959c23233c69f95fdd8a669d72f08d6","nftsgallery.eth  ","0x87870bca3f3fd6335c3f4ce8392d69350b4fa4e2"," Aave: Pool V3 ","0","$0.00","Ethereum(ETH)","0.00169244"
"0x3b66408b9c3efb3cf0e49a6338d2d2c81ff23992913252f14d4f688d609d2125 ","Success","Tx","Flash Loan Simple","24890159","14 hrs ago","0x6294969d39BE30EAbaa418357D59611b17024ee9"," 0x6294969d...b17024ee9 ","0x87870bca3f3fd6335c3f4ce8392d69350b4fa4e2"," Aave: Pool V3 ","0","$0.00","Ethereum(ETH)","0.00006301"
" 0x11884abc999a2a36d23d552c4f4f7cac7720aa28a1c1a6492cc9fee1af3f2b04 ","Error in Txn","Tx","Flash Loan Simple","24890151","14 hrs ago","0x6294969d39BE30EAbaa418357D59611b17024ee9"," 0x6294969d...b17024ee9 ","0x87870bca3f3fd6335c3f4ce8392d69350b4fa4e2"," Aave: Pool V3 ","0","$0.00","Ethereum(ETH)","0.00002722"
" 0x69ddff3c5490b18c312037a0ec34501faa3328c365f6f425f10bc38c6fd1186a ","Error in Txn","Tx","Flash Loan Simple","24890147","14 hrs ago","0x6294969d39BE30EAbaa418357D59611b17024ee9"," 0x6294969d...b17024ee9 ","0x87870bca3f3fd6335c3f4ce8392d69350b4fa4e2"," Aave: Pool V3 ","0","$0.00","Ethereum(ETH)","0.00001865"
"0x103e9c9cc9a87a6f2a6a5ca1a87ffb8b31593ba8c7771605fdd91d2cb3c99bc0 ","Success","Tx","Flash Loan Simple","24890046","14 hrs ago","0xb3170D7A898f3F7417aa87aeD9464623566d1AE9"," 0xb3170D7A...3566d1AE9 ","0x87870bca3f3fd6335c3f4ce8392d69350b4fa4e2"," Aave: Pool V3 ","0","$0.00","Ethereum(ETH)","0.00005911"
"0xab1b5677364293110a2de6c07d18155508475c5a2d3cd36403d338cd5ce751ed ","Success","Tx","Flash Loan Simple","24890033","14 hrs ago","0xb3170D7A898f3F7417aa87aeD9464623566d1AE9"," 0xb3170D7A...3566d1AE9 ","0x87870bca3f3fd6335c3f4ce8392d69350b4fa4e2"," Aave: Pool V3 ","0","$0.00","Ethereum(ETH)","0.00005425"
"0xd67860c4a56fe612b4b436def3ec225dab11efe20ae9b9f4b25a24ba1703212b ","Success","Tx","Flash Loan Simple","24889538","16 hrs ago","0x606820756723ac29c785068024c065162a873e2b","paverick.eth  ","0x87870bca3f3fd6335c3f4ce8392d69350b4fa4e2"," Aave: Pool V3 ","0","$0.00","Ethereum(ETH)","0.0000719"
"0x2d71c47e5ff88a0d2acf284729c6ada3ad9e59ad09791a6fba2f6b2d4893188a ","Success","Tx","Flash Loan Simple","24889482","16 hrs ago","0xcBd8D7401972D5E9a6d7d8201eA7B3F984BF6D6F"," 0xcBd8D740...984BF6D6F ","0x87870bca3f3fd6335c3f4ce8392d69350b4fa4e2"," Aave: Pool V3 ","0","$0.00","Ethereum(ETH)","0.00094243"
"0x5e66c4d543a4b7d4fdfa4d49b681b3d0a4417929b2c34b906634be6dc1ca98c3 ","Success","Tx","Flash Loan Simple","24889474","16 hrs ago","0xcBd8D7401972D5E9a6d7d8201eA7B3F984BF6D6F"," 0xcBd8D740...984BF6D6F ","0x87870bca3f3fd6335c3f4ce8392d69350b4fa4e2"," Aave: Pool V3 ","0","$0.00","Ethereum(ETH)","0.00042847"
"0x38721cb7348f92b4989cde646f7416940b2a759f58fb46f7b81c18e0a3599ce3 ","Success","Tx","Flash Loan Simple","24889464","16 hrs ago","0x451a81101BB51D708E3839EC43305eFFCC7c9C48"," 0x451a8110...FCC7c9C48 ","0x87870bca3f3fd6335c3f4ce8392d69350b4fa4e2"," Aave: Pool V3 ","0","$0.00","Ethereum(ETH)","0.00004504"
"0xc36d2b14f6b6a370729d5476c826a735f578ac95b5a243fd133bf735308321dc ","Success","Tx","Flash Loan Simple","24889416","16 hrs ago","0x33d3B460A6763077491d623A882c4D5910336263"," 0x33d3B460...910336263 ","0x87870bca3f3fd6335c3f4ce8392d69350b4fa4e2"," Aave: Pool V3 ","0","$0.00","Ethereum(ETH)","0.00014286"
" 0x3ecb2904590ddb62982981cea90501c1ddab1ec3b88ac6a63384c9cc00f46af3 ","Error in Txn","Tx","Flash Loan Simple","24889410","16 hrs ago","0x33d3B460A6763077491d623A882c4D5910336263"," 0x33d3B460...910336263 ","0x87870bca3f3fd6335c3f4ce8392d69350b4fa4e2"," Aave: Pool V3 ","0","$0.00","Ethereum(ETH)","0.00008933"
"0x67ed150cc2e413b5343b314b53040ea29e8f9105d5c8508c39d86e6a25e6bf52 ","Success","Tx","Flash Loan Simple","24888272","20 hrs ago","0xaBf76A13C5D6E388C3eB6C04930013695f574D10"," 0xaBf76A13...95f574D10 ","0x87870bca3f3fd6335c3f4ce8392d69350b4fa4e2"," Aave: Pool V3 ","0","$0.00","Ethereum(ETH)","0.00078061"
" 0xd13ef15ad4c9ff6d9089417ab3ab78e02f84ca9fee04111d5685a1558f7ec98d ","Error in Txn","Tx","Flash Loan Simple","24888257","20 hrs ago","0xaBf76A13C5D6E388C3eB6C04930013695f574D10"," 0xaBf76A13...95f574D10 ","0x87870bca3f3fd6335c3f4ce8392d69350b4fa4e2"," Aave: Pool V3 ","0","$0.00","Ethereum(ETH)","0.00022611"
" 0x9657db3cb68ed2b7e120216e6abb2c7761a2d65432f248e7475aed1b335ed841 ","Error in Txn","Tx","Flash Loan Simple","24888253","20 hrs ago","0xaBf76A13C5D6E388C3eB6C04930013695f574D10"," 0xaBf76A13...95f574D10 ","0x87870bca3f3fd6335c3f4ce8392d69350b4fa4e2"," Aave: Pool V3 ","0","$0.00","Ethereum(ETH)","0.00019717"
" 0xf68e8b03f4a25c2a71b3e12eb0ee52959670269a404c83d880ecd17dd22b925b ","Error in Txn","Tx","Flash Loan Simple","24888245","20 hrs ago","0xaBf76A13C5D6E388C3eB6C04930013695f574D10"," 0xaBf76A13...95f574D10 ","0x87870bca3f3fd6335c3f4ce8392d69350b4fa4e2"," Aave: Pool V3 ","0","$0.00","Ethereum(ETH)","0.0003817"
"0xe3552bf5055a6afaa381e8c32ae628b57f2d3e73b72e028eb5753e3bf098a810 ","Success","Tx","Flash Loan Simple","24888034","21 hrs ago","0xa1aa2cd00ac64e4a5e4e8a5c70ffc9c3deb2f8f4","anthonynixon.eth  ","0x87870bca3f3fd6335c3f4ce8392d69350b4fa4e2"," Aave: Pool V3 ","0","$0.00","Ethereum(ETH)","0.00180685"
"0xbf003655a87b311887c339259d18e075eb4e06c6de5f46d1247ecd518ac2b13b ","Success","Tx","Flash Loan Simple","24887881","21 hrs ago","0x54e3ae2c3ba2808a21a34914f017749830712d63","bastosm.eth  ","0x87870bca3f3fd6335c3f4ce8392d69350b4fa4e2"," Aave: Pool V3 ","0","$0.00","Ethereum(ETH)","0.00195409"
"0x1fd2c2b7be529faf6656bf0fe8f17697438b93edf432f2b71117d3f2d828dc32 ","Success","Tx","Flash Loan Simple","24887850","21 hrs ago","0xeF3017Dc95Ac39A36816170A980194Fe59fE3cc7"," 0xeF3017Dc...e59fE3cc7 ","0x87870bca3f3fd6335c3f4ce8392d69350b4fa4e2"," Aave: Pool V3 ","0","$0.00","Ethereum(ETH)","0.00015498"
" 0x3b9633bad6f86b68231bee60c33c40ad4c8dbdd4f0c57c312a4acb17538d9b95 ","Error in Txn","Tx","Flash Loan Simple","24887847","21 hrs ago","0xeF3017Dc95Ac39A36816170A980194Fe59fE3cc7"," 0xeF3017Dc...e59fE3cc7 ","0x87870bca3f3fd6335c3f4ce8392d69350b4fa4e2"," Aave: Pool V3 ","0","$0.00","Ethereum(ETH)","0.00009163"
"0xfde412b44cfee5d623879144f4251a778703836a745c004853ce72bb02f557fa ","Success","Tx","Flash Loan Simple","24887827","22 hrs ago","0x54e3ae2c3ba2808a21a34914f017749830712d63","bastosm.eth  ","0x87870bca3f3fd6335c3f4ce8392d69350b4fa4e2"," Aave: Pool V3 ","0","$0.00","Ethereum(ETH)","0.00192141"
"0x38cc1a3c8596047cdf17f7ed46cb77c83272f49a866506531be1717191c0dd4b ","Success","Tx","Flash Loan Simple","24887657","22 hrs ago","0x61B27f3f27aD022222d89c3e46430133D394e3b7"," 0x61B27f3f...3D394e3b7 ","0x87870bca3f3fd6335c3f4ce8392d69350b4fa4e2"," Aave: Pool V3 ","0","$0.00","Ethereum(ETH)","0.00302816"
"0x4a30727e1c634f2b0c5c507a335ed0b9c85fb2fc329600753bde44a2343cc2e6 ","Success","Tx","Flash Loan Simple","24887632","22 hrs ago","0x6BB0837C49EC8af12F06db3eFE600E601f3fe9Ff"," 0x6BB0837C...01f3fe9Ff ","0x87870bca3f3fd6335c3f4ce8392d69350b4fa4e2"," Aave: Pool V3 ","0","$0.00","Ethereum(ETH)","0.00134841"
"0xa753effdacea19b2d844dddbc8f290f30d99dfa3c5e1cc55baecfdb1dc0a4570 ","Success","Tx","Flash Loan Simple","24887455","23 hrs ago","0xe7f525dd1bc6d748AE4D7F21D31e54741e05e110"," 0xe7f525dd...41e05e110 ","0x87870bca3f3fd6335c3f4ce8392d69350b4fa4e2"," Aave: Pool V3 ","0","$0.00","Ethereum(ETH)","0.0019543"
"0x7cdb1f6ebde325fdba0d93a3ea69365c5d40d1cd0e2d44f6270fc0f11c5f3396 ","Success","Tx","Flash Loan Simple","24887398","23 hrs ago","0xbbE8B98003d6796EaB4433038d41f61114308B9D"," 0xbbE8B980...114308B9D ","0x87870bca3f3fd6335c3f4ce8392d69350b4fa4e2"," Aave: Pool V3 ","0","$0.00","Ethereum(ETH)","0.00077311"
"0x7c6d89c48056d59e6b6d4f9c30201da6dd40016e1d8998a614497084b5993910 ","Success","Tx","Flash Loan Simple","24887275","23 hrs ago","0xA0b0515Cb4c3b5b6efC8D90cc90A21c70D6248cE"," 0xA0b0515C...70D6248cE ","0x87870bca3f3fd6335c3f4ce8392d69350b4fa4e2"," Aave: Pool V3 ","0","$0.00","Ethereum(ETH)","0.00148778"
"0xeea4f8011cb5974bde0c1e0f544d3069a136b34f2e1d1ba7607d99f2530364a0 ","Success","Tx","Flash Loan Simple","24887212","24 hrs ago","0x93fF0E88D4276590B63b6Fa9C4883f9602B6Dc50"," 0x93fF0E88...602B6Dc50 ","0x87870bca3f3fd6335c3f4ce8392d69350b4fa4e2"," Aave: Pool V3 ","0","$0.00","Ethereum(ETH)","0.00176195"
"0xc9d80ab2fefcf3658548e4b5dd590ca53996411c5526d853bf98a685f2603b1c ","Success","Tx","Flash Loan Simple","24887198","24 hrs ago","0x66639EfEca0Ea3a6caA95834f226a056162A5259"," 0x66639EfE...6162A5259 ","0x87870bca3f3fd6335c3f4ce8392d69350b4fa4e2"," Aave: Pool V3 ","0","$0.00","Ethereum(ETH)","0.0014607"
"0xc6228abb6ad9fa08f7d8743b84dfeb54853f7469d1cf9870b6f088bee9ad7138 ","Success","Tx","Flash Loan Simple","24887141","24 hrs ago","0xC02665f7d96D9c7DB5c7cb3141DAB9CB7837C51B"," 0xC02665f7...B7837C51B ","0x87870bca3f3fd6335c3f4ce8392d69350b4fa4e2"," Aave: Pool V3 ","0","$0.00","Ethereum(ETH)","0.00021687"
"0x02acda99c2283649b76ad2ac95d1e27fad0993a359ff87a4dfea090d12973e42 ","Success","Tx","Flash Loan Simple","24887117","24 hrs ago","0x93fF0E88D4276590B63b6Fa9C4883f9602B6Dc50"," 0x93fF0E88...602B6Dc50 ","0x87870bca3f3fd6335c3f4ce8392d69350b4fa4e2"," Aave: Pool V3 ","0","$0.00","Ethereum(ETH)","0.00361721"
"0x110c438b89cf5da56eb44d06141da7571ddb3b1ade097f48bca9bc7a87fe15f8 ","Success","Tx","Flash Loan Simple","24886988","24 hrs ago","0xa187C471c16894c331787d13a74Ae663E3EF1e5e"," 0xa187C471...3E3EF1e5e ","0x87870bca3f3fd6335c3f4ce8392d69350b4fa4e2"," Aave: Pool V3 ","0","$0.00","Ethereum(ETH)","0.00156619"
"0x27753331beb0981a71f4871a3717bd00578d9c425a190b38b38f90fcfe902f16 ","Success","Tx","Flash Loan Simple","24886842","25 hrs ago","0xf8Eb3Aa07872c0f9F3e5f151E3e1922751B62302"," 0xf8Eb3Aa0...751B62302 ","0x87870bca3f3fd6335c3f4ce8392d69350b4fa4e2"," Aave: Pool V3 ","0","$0.00","Ethereum(ETH)","0.00336159"
"0xf291ae71dd1332da7c7982300a52fb37e35820b80aee0ed14ac7bb1a19387cb1 ","Success","Tx","Flash Loan Simple","24886825","25 hrs ago","0xf8Eb3Aa07872c0f9F3e5f151E3e1922751B62302"," 0xf8Eb3Aa0...751B62302 ","0x87870bca3f3fd6335c3f4ce8392d69350b4fa4e2"," Aave: Pool V3 ","0","$0.00","Ethereum(ETH)","0.00214951"
"0xc744a13ccf714d02e62f40b814a0dcde98bbcddb543011524277d60cefa4b928 ","Success","Tx","Flash Loan Simple","24886484","26 hrs ago","0xf9cd42Ee5737b935E1D7FbC8e44fdcCAaf9B8421"," 0xf9cd42Ee...Aaf9B8421 ","0x87870bca3f3fd6335c3f4ce8392d69350b4fa4e2"," Aave: Pool V3 ","0","$0.00","Ethereum(ETH)","0.00189817"
"0x94c69cee2e6f6bd029c5ffed2737bde1b65b91768f3897c97270afc738cb8f23 ","Success","Tx","Flash Loan Simple","24886294","27 hrs ago","0x334BF939434A12fC1e30F9A1146dfeb00B50367B"," 0x334BF939...00B50367B ","0x87870bca3f3fd6335c3f4ce8392d69350b4fa4e2"," Aave: Pool V3 ","0","$0.00","Ethereum(ETH)","0.00050693"
"0x1ef4ffb358d875a848e17c2a02b9177224f203879efd9d35c23960922332705d ","Success","Tx","Flash Loan Simple","24885971","28 hrs ago","0x5e70f9cFFCc9a35B1e62d0a369753944Ab669D84"," 0x5e70f9cF...4Ab669D84 ","0x87870bca3f3fd6335c3f4ce8392d69350b4fa4e2"," Aave: Pool V3 ","0","$0.00","Ethereum(ETH)","0.0004398"
"0x88796451ee47a1ddc20dd44b2333d223ad9ac9b2fcdcc8537af902ad1cc0ec08 ","Success","Tx","Flash Loan Simple","24885863","28 hrs ago","0x614c299AB135FD1CAC1d6E03F3dC9f3F38841ef4"," 0x614c299A...F38841ef4 ","0x87870bca3f3fd6335c3f4ce8392d69350b4fa4e2"," Aave: Pool V3 ","0","$0.00","Ethereum(ETH)","0.00085231"
" 0xf65b9e0db035afb8df8abcfc3ffc8dd69e07da0b65c4ca213d37243161c405ee ","Error in Txn","Tx","Flash Loan Simple","24885838","28 hrs ago","0x16DBF7C8961c603cC92Bf94956aFd86559943B99"," 0x16DBF7C8...559943B99 ","0x87870bca3f3fd6335c3f4ce8392d69350b4fa4e2"," Aave: Pool V3 ","0","$0.00","Ethereum(ETH)","0.00003491"
" 0x2e8e4360d60da5253c89340e2d07cbd5105fd37ac3af1c55b902ae032925be73 ","Error in Txn","Tx","Flash Loan Simple","24885821","28 hrs ago","0x16DBF7C8961c603cC92Bf94956aFd86559943B99"," 0x16DBF7C8...559943B99 ","0x87870bca3f3fd6335c3f4ce8392d69350b4fa4e2"," Aave: Pool V3 ","0","$0.00","Ethereum(ETH)","0.00008924"
"0x186fecbf8c80f466c0b6a21e7525004c356a58becaaf8eb6468b9b12fac2c366 ","Success","Tx","Flash Loan Simple","24885743","29 hrs ago","0x2486ff7AB44eE31cFe0c3f282FD64BD937a2b949"," 0x2486ff7A...937a2b949 ","0x87870bca3f3fd6335c3f4ce8392d69350b4fa4e2"," Aave: Pool V3 ","0","$0.00","Ethereum(ETH)","0.00350418"
"0xb99f7365749671f6deccc1ab678f2bfa4b1a6d930b643836cac7fe1287d2dd85 ","Success","Tx","Flash Loan Simple","24885542","29 hrs ago","0x4dbD32d09Cd2191681b785616768c30B43aCA89f"," 0x4dbD32d0...B43aCA89f ","0x87870bca3f3fd6335c3f4ce8392d69350b4fa4e2"," Aave: Pool V3 ","0","$0.00","Ethereum(ETH)","0.00036429"
"0x03d6aa83bd92a663996adb69699d5aef6074fe8261411124ca1e70291f39f1b3 ","Success","Tx","Flash Loan Simple","24885392","30 hrs ago","0xda74ded0405ab92aE8cB04d671fA38919dcC4235"," 0xda74ded0...19dcC4235 ","0x87870bca3f3fd6335c3f4ce8392d69350b4fa4e2"," Aave: Pool V3 ","0","$0.00","Ethereum(ETH)","0.00146306"
"0xa2d3373c5c82b9e00cdd0a7124701cc04a7c1e76ac7e1dcf43db22a6674a57ce ","Success","Tx","Flash Loan Simple","24885318","30 hrs ago","0x3f467a415f32E6EcE92bB7d33Ca9793b346D519C"," 0x3f467a41...b346D519C ","0x87870bca3f3fd6335c3f4ce8392d69350b4fa4e2"," Aave: Pool V3 ","0","$0.00","Ethereum(ETH)","0.00014492"
"0x1da4450e15a8ad022a916f1f76d62aed486f24d9c0612fa3fb77a6213a9727af ","Success","Tx","Flash Loan Simple","24885269","30 hrs ago","0xCDe0C4E5C2C3A85BC822538348FF96Ae28BE5BF8"," 0xCDe0C4E5...e28BE5BF8 ","0x87870bca3f3fd6335c3f4ce8392d69350b4fa4e2"," Aave: Pool V3 ","0","$0.00","Ethereum(ETH)","0.00132852"
"0xc0360881ee9bb08bc35bc439ab9f183457da4a9812ea254bb833c1e6ab01c8cb ","Success","Tx","Flash Loan Simple","24885032","31 hrs ago","0x229cC14bc9279399272F3626B56b1a3D86203236"," 0x229cC14b...D86203236 ","0x87870bca3f3fd6335c3f4ce8392d69350b4fa4e2"," Aave: Pool V3 ","0","$0.00","Ethereum(ETH)","0.00164597"
"0x127a771f3a4c9b1d8d9396b91ae4d7ae31c324ff8ccd0adaea09895a133357c4 ","Success","Tx","Flash Loan Simple","24884789","32 hrs ago","0x3fd4e576f2e06735f25f723a4411e145A9B94900"," 0x3fd4e576...5A9B94900 ","0x87870bca3f3fd6335c3f4ce8392d69350b4fa4e2"," Aave: Pool V3 ","0","$0.00","Ethereum(ETH)","0.00008347"
"0x1192f12868319f96f231fe7ab8b468b55b29b478485cc43c34a218a1b01305b6 ","Success","Tx","Flash Loan Simple","24884759","32 hrs ago","0x04A38108092eac7A7E764810E5F1216Eb63c09AD"," 0x04A38108...Eb63c09AD ","0x87870bca3f3fd6335c3f4ce8392d69350b4fa4e2"," Aave: Pool V3 ","0","$0.00","Ethereum(ETH)","0.00037229"
"0xa470917fe02ddec63680e489c5fcce4b146d618acb1abafc006601c82eee1cde ","Success","Tx","Flash Loan Simple","24884715","32 hrs ago","0x2486ff7AB44eE31cFe0c3f282FD64BD937a2b949"," 0x2486ff7A...937a2b949 ","0x87870bca3f3fd6335c3f4ce8392d69350b4fa4e2"," Aave: Pool V3 ","0","$0.00","Ethereum(ETH)","0.00464088"
"0xe7aab5c67e8822943bfbd407f65ad4ce76705114bdacbdde1cac9fae06f7cb78 ","Success","Tx","Flash Loan Simple","24884714","32 hrs ago","0xB89ce9A728d0c3ec4E24a43B0Eb4ad1c5aCf7b14"," 0xB89ce9A7...c5aCf7b14 ","0x87870bca3f3fd6335c3f4ce8392d69350b4fa4e2"," Aave: Pool V3 ","0","$0.00","Ethereum(ETH)","0.00003105"
"0xdab32ce9d9c7c2afaf77738f8d1d67a33470ff84f66b9eba2328f726339183ee ","Success","Tx","Flash Loan Simple","24884490","33 hrs ago","0x77d64c6992e183A595E9D0F1bd54C40dd53f563d"," 0x77d64c69...dd53f563d ","0x87870bca3f3fd6335c3f4ce8392d69350b4fa4e2"," Aave: Pool V3 ","0","$0.00","Ethereum(ETH)","0.00038378"
"0xe1b6c694a3c44f1f30b38ca37769846ebab8cd1bec8fcfc8b984da7df8a74ad0 ","Success","Tx","Flash Loan Simple","24884483","33 hrs ago","0x77d64c6992e183A595E9D0F1bd54C40dd53f563d"," 0x77d64c69...dd53f563d ","0x87870bca3f3fd6335c3f4ce8392d69350b4fa4e2"," Aave: Pool V3 ","0","$0.00","Ethereum(ETH)","0.00039925"
" 0xe7172de15dad44255c5c51811f034838bb4df0be620966a47d5382d840b3be4a ","Error in Txn","Tx","Flash Loan Simple","24884335","33 hrs ago","0xD2338886fe5C2C01aF6CCe4F6e2Ea0FeDBA2856c"," 0xD2338886...eDBA2856c ","0x87870bca3f3fd6335c3f4ce8392d69350b4fa4e2"," Aave: Pool V3 ","0","$0.00","Ethereum(ETH)","0.00003687"
" 0xa4d81c157af9dee2484fb9dd090d0485708d6bb488987682539980a455de2898 ","Error in Txn","Tx","Flash Loan Simple","24884293","33 hrs ago","0xD2338886fe5C2C01aF6CCe4F6e2Ea0FeDBA2856c"," 0xD2338886...eDBA2856c ","0x87870bca3f3fd6335c3f4ce8392d69350b4fa4e2"," Aave: Pool V3 ","0","$0.00","Ethereum(ETH)","0.00002625"
" 0x30ad4f3ad32fbad87d43b9786126b1320ff3b029ffedccd19a8f35c5398cbef1 ","Error in Txn","Tx","Flash Loan Simple","24884284","33 hrs ago","0xD2338886fe5C2C01aF6CCe4F6e2Ea0FeDBA2856c"," 0xD2338886...eDBA2856c ","0x87870bca3f3fd6335c3f4ce8392d69350b4fa4e2"," Aave: Pool V3 ","0","$0.00","Ethereum(ETH)","0.00003835"
" 0x9e16a84829278bd949ad4e787b1062405f5e5334b12f5ce4b2b1c109481c58c6 ","Error in Txn","Tx","Flash Loan Simple","24884275","33 hrs ago","0xD2338886fe5C2C01aF6CCe4F6e2Ea0FeDBA2856c"," 0xD2338886...eDBA2856c ","0x87870bca3f3fd6335c3f4ce8392d69350b4fa4e2"," Aave: Pool V3 ","0","$0.00","Ethereum(ETH)","0.0000394"
" 0xff582abcfe4155a8e9da281424b80a1f4a6dd20c0fed9a224e5233659ccb3bc4 ","Error in Txn","Tx","Flash Loan Simple","24884262","33 hrs ago","0xD2338886fe5C2C01aF6CCe4F6e2Ea0FeDBA2856c"," 0xD2338886...eDBA2856c ","0x87870bca3f3fd6335c3f4ce8392d69350b4fa4e2"," Aave: Pool V3 ","0","$0.00","Ethereum(ETH)","0.00002427"
" 0x92f7ad7540387bf6cc589ac917237b926229cb76833d0942d2f526929cb53e69 ","Error in Txn","Tx","Flash Loan Simple","24884251","33 hrs ago","0xD2338886fe5C2C01aF6CCe4F6e2Ea0FeDBA2856c"," 0xD2338886...eDBA2856c ","0x87870bca3f3fd6335c3f4ce8392d69350b4fa4e2"," Aave: Pool V3 ","0","$0.00","Ethereum(ETH)","0.00004251"
"0xd6dfa80bc990d1bc1661c8cff7d237f99ceeeeaf671bd9320c25f1a7ff0f9dce ","Success","Tx","Flash Loan Simple","24883897","35 hrs ago","0x3C8442e407a0eB50e113A884f586B0003BaDE711"," 0x3C8442e4...03BaDE711 ","0x87870bca3f3fd6335c3f4ce8392d69350b4fa4e2"," Aave: Pool V3 ","0","$0.00","Ethereum(ETH)","0.00008799"
"0xcd37ad23ab2d5061ae04a4829a274308a3e3e65c006e9d2ff41999abe618c853 ","Success","Tx","Flash Loan Simple","24883798","35 hrs ago","0x94620ec58a12728B5E6600b9e11B30cbd334F60d"," 0x94620ec5...bd334F60d ","0x87870bca3f3fd6335c3f4ce8392d69350b4fa4e2"," Aave: Pool V3 ","0","$0.00","Ethereum(ETH)","0.00129054"
"0xa625b2be089a3265f351dd6db0d666545d550839422af5433deacea294269e62 ","Success","Tx","Flash Loan Simple","24883716","35 hrs ago","0x9830E424b406DA73333b6D1C59c965C0Ca7d4d92"," 0x9830E424...0Ca7d4d92 ","0x87870bca3f3fd6335c3f4ce8392d69350b4fa4e2"," Aave: Pool V3 ","0","$0.00","Ethereum(ETH)","0.00121535"
"0x7ce2a4837a0ca20018ffe8590c71aa210ad59f0d69eb0ec58dc5a3da8816a4f2 ","Success","Tx","Flash Loan Simple","24883441","36 hrs ago","0xb3170D7A898f3F7417aa87aeD9464623566d1AE9"," 0xb3170D7A...3566d1AE9 ","0x87870bca3f3fd6335c3f4ce8392d69350b4fa4e2"," Aave: Pool V3 ","0","$0.00","Ethereum(ETH)","0.00004298"
"0xb2e73290a9a094c324ccf4f20378db6257b4ac7eec6fdfcbfce32836332ec8f4 ","Success","Tx","Flash Loan Simple","24883432","36 hrs ago","0xb3170D7A898f3F7417aa87aeD9464623566d1AE9"," 0xb3170D7A...3566d1AE9 ","0x87870bca3f3fd6335c3f4ce8392d69350b4fa4e2"," Aave: Pool V3 ","0","$0.00","Ethereum(ETH)","0.00005726"
" 0x81a67176d772a5f9884600d84c44029d7f5d0c720cbb2f6cc559a9627fdd73b0 ","Error in Txn","Tx","Flash Loan Simple","24882741","39 hrs ago","0xD2338886fe5C2C01aF6CCe4F6e2Ea0FeDBA2856c"," 0xD2338886...eDBA2856c ","0x87870bca3f3fd6335c3f4ce8392d69350b4fa4e2"," Aave: Pool V3 ","0","$0.00","Ethereum(ETH)","0.00005886"
" 0xbdb9eb8c50003a02245b5a0f1b88516f9dc1c4ea08ae5d5c4fa55478d2cda999 ","Error in Txn","Tx","Flash Loan Simple","24882732","39 hrs ago","0xD2338886fe5C2C01aF6CCe4F6e2Ea0FeDBA2856c"," 0xD2338886...eDBA2856c ","0x87870bca3f3fd6335c3f4ce8392d69350b4fa4e2"," Aave: Pool V3 ","0","$0.00","Ethereum(ETH)","0.00006093"
" 0x0d9a386a9a6ad98317a36a551941464d15d5b0d032f3387dbe9e161f665fc5bf ","Error in Txn","Tx","Flash Loan Simple","24882721","39 hrs ago","0xD2338886fe5C2C01aF6CCe4F6e2Ea0FeDBA2856c"," 0xD2338886...eDBA2856c ","0x87870bca3f3fd6335c3f4ce8392d69350b4fa4e2"," Aave: Pool V3 ","0","$0.00","Ethereum(ETH)","0.00005808"
" 0x5cfae081b239c583e1c621ba88fb83a1d18e33599ac1c534b30e067466e4bc36 ","Error in Txn","Tx","Flash Loan Simple","24882714","39 hrs ago","0xD2338886fe5C2C01aF6CCe4F6e2Ea0FeDBA2856c"," 0xD2338886...eDBA2856c ","0x87870bca3f3fd6335c3f4ce8392d69350b4fa4e2"," Aave: Pool V3 ","0","$0.00","Ethereum(ETH)","0.0000586"
" 0xe16d014f7bb8d817c2480943d901b493ca7e6c4f0dcfed04d13b4f9af61b0c49 ","Error in Txn","Tx","Flash Loan Simple","24882623","39 hrs ago","0xD2338886fe5C2C01aF6CCe4F6e2Ea0FeDBA2856c"," 0xD2338886...eDBA2856c ","0x87870bca3f3fd6335c3f4ce8392d69350b4fa4e2"," Aave: Pool V3 ","0","$0.00","Ethereum(ETH)","0.0000474"
" 0x1bf177ddc403ac11b2cfd39f6692b739a2bf60bf8ef359b9be72f904b1517b18 ","Error in Txn","Tx","Flash Loan Simple","24882195","40 hrs ago","0xD2338886fe5C2C01aF6CCe4F6e2Ea0FeDBA2856c"," 0xD2338886...eDBA2856c ","0x87870bca3f3fd6335c3f4ce8392d69350b4fa4e2"," Aave: Pool V3 ","0","$0.00","Ethereum(ETH)","0.00005339"
" 0x2b69fced1e3d535ed37acdc2cf66caa30f794dbe40d396591f41179b65ceae53 ","Error in Txn","Tx","Flash Loan Simple","24882176","40 hrs ago","0xD2338886fe5C2C01aF6CCe4F6e2Ea0FeDBA2856c"," 0xD2338886...eDBA2856c ","0x87870bca3f3fd6335c3f4ce8392d69350b4fa4e2"," Aave: Pool V3 ","0","$0.00","Ethereum(ETH)","0.00005095"
" 0x472a15cd8c2b46be09875dff4dee617af13ae09bae5bcd6fcf50bc429971a90a ","Error in Txn","Tx","Flash Loan Simple","24882168","40 hrs ago","0xD2338886fe5C2C01aF6CCe4F6e2Ea0FeDBA2856c"," 0xD2338886...eDBA2856c ","0x87870bca3f3fd6335c3f4ce8392d69350b4fa4e2"," Aave: Pool V3 ","0","$0.00","Ethereum(ETH)","0.00006215"
" 0x8640f82df42248f6e8a0d4c858bda5a7a8b53766c48e01601af4b0eec3b91829 ","Error in Txn","Tx","Flash Loan Simple","24882153","40 hrs ago","0xD2338886fe5C2C01aF6CCe4F6e2Ea0FeDBA2856c"," 0xD2338886...eDBA2856c ","0x87870bca3f3fd6335c3f4ce8392d69350b4fa4e2"," Aave: Pool V3 ","0","$0.00","Ethereum(ETH)","0.00007696"
" 0xde1101ccf94f91e1be683d4022afa0863debe7dcbba561c05e1d4aa0603c4c82 ","Error in Txn","Tx","Flash Loan Simple","24882147","41 hrs ago","0xD2338886fe5C2C01aF6CCe4F6e2Ea0FeDBA2856c"," 0xD2338886...eDBA2856c ","0x87870bca3f3fd6335c3f4ce8392d69350b4fa4e2"," Aave: Pool V3 ","0","$0.00","Ethereum(ETH)","0.00007797"
" 0x3efb829579f4a9d31b69ea6d1b37191f9cc62679eaa56828dc738c5b16cf255a ","Error in Txn","Tx","Flash Loan Simple","24882105","41 hrs ago","0xD2338886fe5C2C01aF6CCe4F6e2Ea0FeDBA2856c"," 0xD2338886...eDBA2856c ","0x87870bca3f3fd6335c3f4ce8392d69350b4fa4e2"," Aave: Pool V3 ","0","$0.00","Ethereum(ETH)","0.00006788"
"0x53b72ebecaac92e226bada9b2a51c2e749f00bd1be4162286268b92887aae017 ","Success","Tx","Flash Loan Simple","24882092","41 hrs ago","0xeF3017Dc95Ac39A36816170A980194Fe59fE3cc7"," 0xeF3017Dc...e59fE3cc7 ","0x87870bca3f3fd6335c3f4ce8392d69350b4fa4e2"," Aave: Pool V3 ","0","$0.00","Ethereum(ETH)","0.00026973"
" 0xefad8f5b15283b3f5dec76cf9c8d33414764f1253c999641dc87ec949d5be859 ","Error in Txn","Tx","Flash Loan Simple","24882071","41 hrs ago","0xD2338886fe5C2C01aF6CCe4F6e2Ea0FeDBA2856c"," 0xD2338886...eDBA2856c ","0x87870bca3f3fd6335c3f4ce8392d69350b4fa4e2"," Aave: Pool V3 ","0","$0.00","Ethereum(ETH)","0.00006748"
" 0x01faf2835b27cfb4e8c193cab15c714eae328f0faf6480a7382df8ed9c370e52 ","Error in Txn","Tx","Flash Loan Simple","24882060","41 hrs ago","0xD2338886fe5C2C01aF6CCe4F6e2Ea0FeDBA2856c"," 0xD2338886...eDBA2856c ","0x87870bca3f3fd6335c3f4ce8392d69350b4fa4e2"," Aave: Pool V3 ","0","$0.00","Ethereum(ETH)","0.00008182"
" 0x9aee3cd2af6c117fce6949a33efc92b45d94353520cd3ba83e7279b1601e808f ","Error in Txn","Tx","Flash Loan Simple","24882055","41 hrs ago","0xD2338886fe5C2C01aF6CCe4F6e2Ea0FeDBA2856c"," 0xD2338886...eDBA2856c ","0x87870bca3f3fd6335c3f4ce8392d69350b4fa4e2"," Aave: Pool V3 ","0","$0.00","Ethereum(ETH)","0.00007958"
" 0x28c0275a687d4754bb2b5c017085abdca333f42a62e079b21579cc08c7f01b64 ","Error in Txn","Tx","Flash Loan Simple","24881917","41 hrs ago","0xD2338886fe5C2C01aF6CCe4F6e2Ea0FeDBA2856c"," 0xD2338886...eDBA2856c ","0x87870bca3f3fd6335c3f4ce8392d69350b4fa4e2"," Aave: Pool V3 ","0","$0.00","Ethereum(ETH)","0.00005808"
" 0x37a56d04c41774393a10ee1662b516358ec4c2e807e89f31e38246784a2b0153 ","Error in Txn","Tx","Flash Loan Simple","24881897","41 hrs ago","0xD2338886fe5C2C01aF6CCe4F6e2Ea0FeDBA2856c"," 0xD2338886...eDBA2856c ","0x87870bca3f3fd6335c3f4ce8392d69350b4fa4e2"," Aave: Pool V3 ","0","$0.00","Ethereum(ETH)","0.00005147"
" 0xcbae533a7da31d3cc257979bf68d75a4a23e081b182f3c69d32456269c9a905a ","Error in Txn","Tx","Flash Loan Simple","24881890","41 hrs ago","0xD2338886fe5C2C01aF6CCe4F6e2Ea0FeDBA2856c"," 0xD2338886...eDBA2856c ","0x87870bca3f3fd6335c3f4ce8392d69350b4fa4e2"," Aave: Pool V3 ","0","$0.00","Ethereum(ETH)","0.00004748"
" 0xcaeeb55929ea084b014d444a5a849f1484fcb4a1b58bec1d06c9242158715194 ","Error in Txn","Tx","Flash Loan Simple","24881884","41 hrs ago","0xD2338886fe5C2C01aF6CCe4F6e2Ea0FeDBA2856c"," 0xD2338886...eDBA2856c ","0x87870bca3f3fd6335c3f4ce8392d69350b4fa4e2"," Aave: Pool V3 ","0","$0.00","Ethereum(ETH)","0.00005882"
" 0x7479611d2e0dec9a6cdc8d1330e9b8854a30aa2d0de460b30a1b3ab6a2b16cf9 ","Error in Txn","Tx","Flash Loan Simple","24881844","42 hrs ago","0xD2338886fe5C2C01aF6CCe4F6e2Ea0FeDBA2856c"," 0xD2338886...eDBA2856c ","0x87870bca3f3fd6335c3f4ce8392d69350b4fa4e2"," Aave: Pool V3 ","0","$0.00","Ethereum(ETH)","0.00004796"
" 0x2a427adb64cb0ae432dfe345af7c03b2cc5247651790d5e26b0b10271d67f130 ","Error in Txn","Tx","Flash Loan Simple","24881834","42 hrs ago","0xD2338886fe5C2C01aF6CCe4F6e2Ea0FeDBA2856c"," 0xD2338886...eDBA2856c ","0x87870bca3f3fd6335c3f4ce8392d69350b4fa4e2"," Aave: Pool V3 ","0","$0.00","Ethereum(ETH)","0.00007556"
" 0x65dac626710efef660a66360722aa2447836a909c6877600c876b89d8b1d08ba ","Error in Txn","Tx","Flash Loan Simple","24881829","42 hrs ago","0xD2338886fe5C2C01aF6CCe4F6e2Ea0FeDBA2856c"," 0xD2338886...eDBA2856c ","0x87870bca3f3fd6335c3f4ce8392d69350b4fa4e2"," Aave: Pool V3 ","0","$0.00","Ethereum(ETH)","0.00006554"
" 0xe5539489c2a379347d31ba381713e25637935098ec8d458012354e8d3b466f97 ","Error in Txn","Tx","Flash Loan Simple","24881818","42 hrs ago","0xD2338886fe5C2C01aF6CCe4F6e2Ea0FeDBA2856c"," 0xD2338886...eDBA2856c ","0x87870bca3f3fd6335c3f4ce8392d69350b4fa4e2"," Aave: Pool V3 ","0","$0.00","Ethereum(ETH)","0.00006864"
" 0xf532a9c1464d7c9a53cc50966b98074a67604c1eade3d8e3e6c84a2d2498530b ","Error in Txn","Tx","Flash Loan Simple","24881812","42 hrs ago","0xD2338886fe5C2C01aF6CCe4F6e2Ea0FeDBA2856c"," 0xD2338886...eDBA2856c ","0x87870bca3f3fd6335c3f4ce8392d69350b4fa4e2"," Aave: Pool V3 ","0","$0.00","Ethereum(ETH)","0.00008906"
" 0x7c2b7bce82e869d070357e40dc1b9858a3c72e01e9682a45b96576fbd96a7c49 ","Error in Txn","Tx","Flash Loan Simple","24881806","42 hrs ago","0xD2338886fe5C2C01aF6CCe4F6e2Ea0FeDBA2856c"," 0xD2338886...eDBA2856c ","0x87870bca3f3fd6335c3f4ce8392d69350b4fa4e2"," Aave: Pool V3 ","0","$0.00","Ethereum(ETH)","0.00006395"
"0x8648fe714a3fe181c129c2038842ba438fb9bbf1ba9cf770dd4fce94fda467ef ","Success","Tx","Flash Loan Simple","24881709","42 hrs ago","0xC02665f7d96D9c7DB5c7cb3141DAB9CB7837C51B"," 0xC02665f7...B7837C51B ","0x87870bca3f3fd6335c3f4ce8392d69350b4fa4e2"," Aave: Pool V3 ","0","$0.00","Ethereum(ETH)","0.00025327"
" 0xc899714426d860b4555481990f3bd53b469e146a36c0be5ebd225440a1df6930 ","Error in Txn","Tx","Flash Loan Simple","24881703","42 hrs ago","0x16DBF7C8961c603cC92Bf94956aFd86559943B99"," 0x16DBF7C8...559943B99 ","0x87870bca3f3fd6335c3f4ce8392d69350b4fa4e2"," Aave: Pool V3 ","0","$0.00","Ethereum(ETH)","0.00004528"
" 0xbb8a1db10be8e4e03d0ce6251571eb79930fe51251e55d194ff6183829079fc8 ","Error in Txn","Tx","Flash Loan Simple","24881654","42 hrs ago","0x16DBF7C8961c603cC92Bf94956aFd86559943B99"," 0x16DBF7C8...559943B99 ","0x87870bca3f3fd6335c3f4ce8392d69350b4fa4e2"," Aave: Pool V3 ","0","$0.00","Ethereum(ETH)","0.00007281"
"0xa7e4e896234bfad550ffdc28e0185f09e4d548f19fb41c3a84fd946328a521d7 ","Success","Tx","Flash Loan Simple","24881526","43 hrs ago","0x81EC2081dfb42C5291C55e6123D527EB744a5fFB"," 0x81EC2081...B744a5fFB ","0x87870bca3f3fd6335c3f4ce8392d69350b4fa4e2"," Aave: Pool V3 ","0","$0.00","Ethereum(ETH)","0.00060489"
"0x7be3747f9c692dbd75ae2e95de7b0c7aa2f0c1f250de8ed858364b700686e833 ","Success","Tx","Flash Loan Simple","24881472","43 hrs ago","0x710001B1b3370aB06546B7C95AE93426C3Cf3dBe"," 0x710001B1...6C3Cf3dBe ","0x87870bca3f3fd6335c3f4ce8392d69350b4fa4e2"," Aave: Pool V3 ","0","$0.00","Ethereum(ETH)","0.00017903"
"0x08989c16e20596a0167b13644c6c22fe3719e68ac21de3585d1173b6bdc6ce4e ","Success","Tx","Flash Loan Simple","24881458","43 hrs ago","0x710001B1b3370aB06546B7C95AE93426C3Cf3dBe"," 0x710001B1...6C3Cf3dBe ","0x87870bca3f3fd6335c3f4ce8392d69350b4fa4e2"," Aave: Pool V3 ","0","$0.00","Ethereum(ETH)","0.00018688"
"0xa6b3876eee9c35e83aa02b53b20841e0beadd144bb8595fbbf5babc285e62f4f ","Success","Tx","Flash Loan Simple","24881056","44 hrs ago","0x50Dd9Ba784F9e3658f7BaDE66C2A9e19aD3dDE36"," 0x50Dd9Ba7...9aD3dDE36 ","0x87870bca3f3fd6335c3f4ce8392d69350b4fa4e2"," Aave: Pool V3 ","0","$0.00","Ethereum(ETH)","0.00010632"
"0x42f9bba50247d80b25bdc336da04286a5a62fd4214706db9bbb01938ee4f5cc9 ","Success","Tx","Flash Loan Simple","24881019","44 hrs ago","0x50Dd9Ba784F9e3658f7BaDE66C2A9e19aD3dDE36"," 0x50Dd9Ba7...9aD3dDE36 ","0x87870bca3f3fd6335c3f4ce8392d69350b4fa4e2"," Aave: Pool V3 ","0","$0.00","Ethereum(ETH)","0.00012138"