Transaction Hash,Status,Method,Blockno,DateTime (UTC),From,From_Nametag,To,To_Nametag,Amount,Value (USD),Txn Fee
"0x7f5f35262643bafabf9d232007329392c06b785e9ccf9dfade9b62b3ff3a8fdf","Error in Main Txn : execution reverted","Transfer","24465230","2026-02-15 22:35:23","0x9036a9842844e647fe18a5c372266f84e699d0bb","","0x8ad599c3a0ff1de082011efddc58f1908eb6e6d8","Uniswap V3: USDC 2","0 ETH","$0.00","0.00000087"
"0xa5d5d66af15ba469fb8c5bffa005d3971f92c81943bba8a2459a009753810c69","Error in Main Txn : execution reverted","Transfer","23145900","2025-08-15 10:40:59","0x1342c1e9b5922ce60d96913927eff804daa57f5a","","0x8ad599c3a0ff1de082011efddc58f1908eb6e6d8","Uniswap V3: USDC 2","0.01 ETH","$23.65","0.00001041"
"0x16e4b0d8e76ee42b86ba78d1e1879c290ad6bca489960816bb95ef0babd38c79","Error in Main Txn : execution reverted","Transfer","23145896","2025-08-15 10:40:11","0x1342c1e9b5922ce60d96913927eff804daa57f5a","","0x8ad599c3a0ff1de082011efddc58f1908eb6e6d8","Uniswap V3: USDC 2","0.01 ETH","$23.65","0.00001021"
"0x8f3605cf7c651dbf2a405d69eef5ac82f65b6dd8e735c9a628f180ba10772c9a","Error in Main Txn : execution reverted","Transfer","23145889","2025-08-15 10:38:47","0x1342c1e9b5922ce60d96913927eff804daa57f5a","","0x8ad599c3a0ff1de082011efddc58f1908eb6e6d8","Uniswap V3: USDC 2","0.01 ETH","$23.65","0.00001044"
"0xaac06e9acddbe669612cb28ca461bc442ce9e37e79846f30216c68d0b3faf378","Error in Main Txn : execution reverted","Flash","22963154","2025-07-20 21:40:35","0x2af8f5805ba5343b7e4abddfbb790043fa7f7634","","0x8ad599c3a0ff1de082011efddc58f1908eb6e6d8","Uniswap V3: USDC 2","0 ETH","$0.00","0.00017694"
"0xa193efc6e370169c4fa145c4bbc762f49f722ea2bc69024865201394f0661269","Error in Main Txn : execution reverted","Flash","22846998","2025-07-04 16:18:47","0xa6a48d84a562bf89229555dd14a743a9a2c8cdd6","","0x8ad599c3a0ff1de082011efddc58f1908eb6e6d8","Uniswap V3: USDC 2","0 ETH","$0.00","0.00023882"
"0xb0ce24d36220ffc54ae5d05f32d4cea1760bdcdbebd8d1e07a42c1e89c2163d1","Error in Main Txn : execution reverted","Flash","22820330","2025-06-30 22:50:47","0xa6a48d84a562bf89229555dd14a743a9a2c8cdd6","","0x8ad599c3a0ff1de082011efddc58f1908eb6e6d8","Uniswap V3: USDC 2","0 ETH","$0.00","0.00014514"
"0xc340bb9ae0b9cbe640006a816b74acbd1f27a5717073c4fe12e35337a3b480c6","Error in Main Txn : execution reverted","Flash","22820243","2025-06-30 22:33:11","0xa6a48d84a562bf89229555dd14a743a9a2c8cdd6","","0x8ad599c3a0ff1de082011efddc58f1908eb6e6d8","Uniswap V3: USDC 2","0 ETH","$0.00","0.00013493"
"0x97e205374c2cc4c02921bba5d72a22c3a1c3d1da6c8d10bbe601f0b6f4c6e002","Error in Main Txn : execution reverted","Flash","22755984","2025-06-21 23:02:35","0x71db268338d552a74fe2b78c6e6a5048db179bd3","","0x8ad599c3a0ff1de082011efddc58f1908eb6e6d8","Uniswap V3: USDC 2","0 ETH","$0.00","0.00086115"
"0xff05ab2c453eaf1f09d1cb1cc371dd9386f7946810c34905c5639dd83b51584f","Error in Main Txn : execution reverted","0x68747470","22548516","2025-05-23 22:23:23","0x290ca4da2c963dea5ae736469a5b8a53d64d4e6a","hyperliquid-hyperliquid-hyperliquid-hyperliquid-hyperliquid-hyperliquid-hyperliquid-hyperliquid-hyperliquid-hyperliquid-hyperliquid-hyperliquid-hyperliquid-hyperliquid-hyperliquid-hyperliquid-hyperliquid-hyperliquid-hyperliquid-hyperliquid-hyperliquid.eth","0x8ad599c3a0ff1de082011efddc58f1908eb6e6d8","Uniswap V3: USDC 2","0 ETH","$0.00","0.00005296"
"0x9af012d84f8cdb4d3ee621e8a364f21ebf4e215d4a4fee3eba2cfab069af0b01","Error in Main Txn : execution reverted","0x68747470","22548430","2025-05-23 22:06:11","0x290ca4da2c963dea5ae736469a5b8a53d64d4e6a","hyperliquid-hyperliquid-hyperliquid-hyperliquid-hyperliquid-hyperliquid-hyperliquid-hyperliquid-hyperliquid-hyperliquid-hyperliquid-hyperliquid-hyperliquid-hyperliquid-hyperliquid-hyperliquid-hyperliquid-hyperliquid-hyperliquid-hyperliquid-hyperliquid.eth","0x8ad599c3a0ff1de082011efddc58f1908eb6e6d8","Uniswap V3: USDC 2","0 ETH","$0.00","0.00005296"
"0x789ed856ff6a558991010e8fd660166fcfb28595e11fbe4b3da9d2cd51119123","Error in Main Txn : execution reverted","0x68747470","22548143","2025-05-23 21:07:59","0x290ca4da2c963dea5ae736469a5b8a53d64d4e6a","hyperliquid-hyperliquid-hyperliquid-hyperliquid-hyperliquid-hyperliquid-hyperliquid-hyperliquid-hyperliquid-hyperliquid-hyperliquid-hyperliquid-hyperliquid-hyperliquid-hyperliquid-hyperliquid-hyperliquid-hyperliquid-hyperliquid-hyperliquid-hyperliquid.eth","0x8ad599c3a0ff1de082011efddc58f1908eb6e6d8","Uniswap V3: USDC 2","0 ETH","$0.00","0.00005296"
"0x416eb7868724d2296443e175427700155bc717c48706dfa5db4da142901dc9f1","Error in Main Txn : execution reverted","0x68747470","22547773","2025-05-23 19:53:11","0x290ca4da2c963dea5ae736469a5b8a53d64d4e6a","hyperliquid-hyperliquid-hyperliquid-hyperliquid-hyperliquid-hyperliquid-hyperliquid-hyperliquid-hyperliquid-hyperliquid-hyperliquid-hyperliquid-hyperliquid-hyperliquid-hyperliquid-hyperliquid-hyperliquid-hyperliquid-hyperliquid-hyperliquid-hyperliquid.eth","0x8ad599c3a0ff1de082011efddc58f1908eb6e6d8","Uniswap V3: USDC 2","0 ETH","$0.00","0.00005296"
"0xe0d594eb83eb3f859362ac7a8c4f709b96c51c8f62c36bb74a97bf964b319777","Error in Main Txn : execution reverted","0x68747470","22547690","2025-05-23 19:36:11","0x290ca4da2c963dea5ae736469a5b8a53d64d4e6a","hyperliquid-hyperliquid-hyperliquid-hyperliquid-hyperliquid-hyperliquid-hyperliquid-hyperliquid-hyperliquid-hyperliquid-hyperliquid-hyperliquid-hyperliquid-hyperliquid-hyperliquid-hyperliquid-hyperliquid-hyperliquid-hyperliquid-hyperliquid-hyperliquid.eth","0x8ad599c3a0ff1de082011efddc58f1908eb6e6d8","Uniswap V3: USDC 2","0 ETH","$0.00","0.00005296"
"0xb98ef6cd0195dbdf261440d64fd02df325a7c2982eb4938b9ef1db0025c3a3d0","Error in Main Txn : execution reverted","0x68747470","22547404","2025-05-23 18:38:23","0x290ca4da2c963dea5ae736469a5b8a53d64d4e6a","hyperliquid-hyperliquid-hyperliquid-hyperliquid-hyperliquid-hyperliquid-hyperliquid-hyperliquid-hyperliquid-hyperliquid-hyperliquid-hyperliquid-hyperliquid-hyperliquid-hyperliquid-hyperliquid-hyperliquid-hyperliquid-hyperliquid-hyperliquid-hyperliquid.eth","0x8ad599c3a0ff1de082011efddc58f1908eb6e6d8","Uniswap V3: USDC 2","0 ETH","$0.00","0.00005296"
"0x158073a1368b6389fc88943feb4741a25a550065bfcf47aee4298976b82a2bd1","Error in Main Txn : execution reverted","0x68747470","22547318","2025-05-23 18:21:11","0x290ca4da2c963dea5ae736469a5b8a53d64d4e6a","hyperliquid-hyperliquid-hyperliquid-hyperliquid-hyperliquid-hyperliquid-hyperliquid-hyperliquid-hyperliquid-hyperliquid-hyperliquid-hyperliquid-hyperliquid-hyperliquid-hyperliquid-hyperliquid-hyperliquid-hyperliquid-hyperliquid-hyperliquid-hyperliquid.eth","0x8ad599c3a0ff1de082011efddc58f1908eb6e6d8","Uniswap V3: USDC 2","0 ETH","$0.00","0.00005296"
"0xdc6dce056c27ccf089233d58d6b0e5a27d3185bc250746f50992cfff26563461","Error in Main Txn : execution reverted","0x68747470","22413359","2025-05-04 22:26:11","0x290ca4da2c963dea5ae736469a5b8a53d64d4e6a","hyperliquid-hyperliquid-hyperliquid-hyperliquid-hyperliquid-hyperliquid-hyperliquid-hyperliquid-hyperliquid-hyperliquid-hyperliquid-hyperliquid-hyperliquid-hyperliquid-hyperliquid-hyperliquid-hyperliquid-hyperliquid-hyperliquid-hyperliquid-hyperliquid.eth","0x8ad599c3a0ff1de082011efddc58f1908eb6e6d8","Uniswap V3: USDC 2","0 ETH","$0.00","0.00002296"
"0x15286a5edb9a1d7c80e1f584e551445c440dc4e9aa754ba6482469604f5b7bf8","Error in Main Txn : execution reverted","0x68747470","22413274","2025-05-04 22:09:11","0x290ca4da2c963dea5ae736469a5b8a53d64d4e6a","hyperliquid-hyperliquid-hyperliquid-hyperliquid-hyperliquid-hyperliquid-hyperliquid-hyperliquid-hyperliquid-hyperliquid-hyperliquid-hyperliquid-hyperliquid-hyperliquid-hyperliquid-hyperliquid-hyperliquid-hyperliquid-hyperliquid-hyperliquid-hyperliquid.eth","0x8ad599c3a0ff1de082011efddc58f1908eb6e6d8","Uniswap V3: USDC 2","0 ETH","$0.00","0.00002296"
"0x1b137c02ca39edb298b2a611833c78a3068cc20c6cf1af879f51880fe68d1395","Error in Main Txn : execution reverted","0x68747470","22412982","2025-05-04 21:10:23","0x290ca4da2c963dea5ae736469a5b8a53d64d4e6a","hyperliquid-hyperliquid-hyperliquid-hyperliquid-hyperliquid-hyperliquid-hyperliquid-hyperliquid-hyperliquid-hyperliquid-hyperliquid-hyperliquid-hyperliquid-hyperliquid-hyperliquid-hyperliquid-hyperliquid-hyperliquid-hyperliquid-hyperliquid-hyperliquid.eth","0x8ad599c3a0ff1de082011efddc58f1908eb6e6d8","Uniswap V3: USDC 2","0 ETH","$0.00","0.00002296"
"0x8f24e669cf496b4bd52a8a5ba98d5cf89b54ea5e01cc08f14a4f624188518ab9","Error in Main Txn : execution reverted","0x68747470","22412892","2025-05-04 20:51:59","0x290ca4da2c963dea5ae736469a5b8a53d64d4e6a","hyperliquid-hyperliquid-hyperliquid-hyperliquid-hyperliquid-hyperliquid-hyperliquid-hyperliquid-hyperliquid-hyperliquid-hyperliquid-hyperliquid-hyperliquid-hyperliquid-hyperliquid-hyperliquid-hyperliquid-hyperliquid-hyperliquid-hyperliquid-hyperliquid.eth","0x8ad599c3a0ff1de082011efddc58f1908eb6e6d8","Uniswap V3: USDC 2","0 ETH","$0.00","0.00002296"
"0x03c46d86003394eaae423d450cc0f9b9d973e11fc15636711a08fa73bb4afd6a","Error in Main Txn : execution reverted","0x68747470","22412587","2025-05-04 19:50:11","0x290ca4da2c963dea5ae736469a5b8a53d64d4e6a","hyperliquid-hyperliquid-hyperliquid-hyperliquid-hyperliquid-hyperliquid-hyperliquid-hyperliquid-hyperliquid-hyperliquid-hyperliquid-hyperliquid-hyperliquid-hyperliquid-hyperliquid-hyperliquid-hyperliquid-hyperliquid-hyperliquid-hyperliquid-hyperliquid.eth","0x8ad599c3a0ff1de082011efddc58f1908eb6e6d8","Uniswap V3: USDC 2","0 ETH","$0.00","0.00002296"
"0xe6b709dc714347cf672c53e10d7bd607801d4741eb11d9c1c8d53aa3c7efd517","Error in Main Txn : execution reverted","0x68747470","22412493","2025-05-04 19:31:23","0x290ca4da2c963dea5ae736469a5b8a53d64d4e6a","hyperliquid-hyperliquid-hyperliquid-hyperliquid-hyperliquid-hyperliquid-hyperliquid-hyperliquid-hyperliquid-hyperliquid-hyperliquid-hyperliquid-hyperliquid-hyperliquid-hyperliquid-hyperliquid-hyperliquid-hyperliquid-hyperliquid-hyperliquid-hyperliquid.eth","0x8ad599c3a0ff1de082011efddc58f1908eb6e6d8","Uniswap V3: USDC 2","0 ETH","$0.00","0.00002296"
"0x8a885ac5e6ec2e491e67442265f11cd10a70684c7d1efebcf12df93cd1cb981d","Error in Main Txn : execution reverted","0x68747470","22411804","2025-05-04 17:12:59","0x290ca4da2c963dea5ae736469a5b8a53d64d4e6a","hyperliquid-hyperliquid-hyperliquid-hyperliquid-hyperliquid-hyperliquid-hyperliquid-hyperliquid-hyperliquid-hyperliquid-hyperliquid-hyperliquid-hyperliquid-hyperliquid-hyperliquid-hyperliquid-hyperliquid-hyperliquid-hyperliquid-hyperliquid-hyperliquid.eth","0x8ad599c3a0ff1de082011efddc58f1908eb6e6d8","Uniswap V3: USDC 2","0 ETH","$0.00","0.00002296"
"0x6cd61d77a0db70b185e08a358f361b017c6d0e6a23a2670b5e176108e348c6b3","Error in Main Txn : execution reverted","0x68747470","22411720","2025-05-04 16:55:59","0x290ca4da2c963dea5ae736469a5b8a53d64d4e6a","hyperliquid-hyperliquid-hyperliquid-hyperliquid-hyperliquid-hyperliquid-hyperliquid-hyperliquid-hyperliquid-hyperliquid-hyperliquid-hyperliquid-hyperliquid-hyperliquid-hyperliquid-hyperliquid-hyperliquid-hyperliquid-hyperliquid-hyperliquid-hyperliquid.eth","0x8ad599c3a0ff1de082011efddc58f1908eb6e6d8","Uniswap V3: USDC 2","0 ETH","$0.00","0.00002296"
"0xee6efc443c609269fc7d55ed3cb6ff61b1676757b3c15e912544222a1533d994","Error in Main Txn : execution reverted","0x68747470","22411437","2025-05-04 15:58:47","0x290ca4da2c963dea5ae736469a5b8a53d64d4e6a","hyperliquid-hyperliquid-hyperliquid-hyperliquid-hyperliquid-hyperliquid-hyperliquid-hyperliquid-hyperliquid-hyperliquid-hyperliquid-hyperliquid-hyperliquid-hyperliquid-hyperliquid-hyperliquid-hyperliquid-hyperliquid-hyperliquid-hyperliquid-hyperliquid.eth","0x8ad599c3a0ff1de082011efddc58f1908eb6e6d8","Uniswap V3: USDC 2","0 ETH","$0.00","0.00002296"
"0x749b14ed82041c05e1fb9bccfe236b72eaa877ab74db01f6ad9e2453f8555090","Error in Main Txn : execution reverted","0x68747470","22411352","2025-05-04 15:41:35","0x290ca4da2c963dea5ae736469a5b8a53d64d4e6a","hyperliquid-hyperliquid-hyperliquid-hyperliquid-hyperliquid-hyperliquid-hyperliquid-hyperliquid-hyperliquid-hyperliquid-hyperliquid-hyperliquid-hyperliquid-hyperliquid-hyperliquid-hyperliquid-hyperliquid-hyperliquid-hyperliquid-hyperliquid-hyperliquid.eth","0x8ad599c3a0ff1de082011efddc58f1908eb6e6d8","Uniswap V3: USDC 2","0 ETH","$0.00","0.00002296"
"0x76d40404199655edee07ef1a5f7467840df13b4479637edd4e69216acc5250d1","Error in Main Txn : execution reverted","0x68747470","22410973","2025-05-04 14:25:11","0x290ca4da2c963dea5ae736469a5b8a53d64d4e6a","hyperliquid-hyperliquid-hyperliquid-hyperliquid-hyperliquid-hyperliquid-hyperliquid-hyperliquid-hyperliquid-hyperliquid-hyperliquid-hyperliquid-hyperliquid-hyperliquid-hyperliquid-hyperliquid-hyperliquid-hyperliquid-hyperliquid-hyperliquid-hyperliquid.eth","0x8ad599c3a0ff1de082011efddc58f1908eb6e6d8","Uniswap V3: USDC 2","0 ETH","$0.00","0.00002296"
"0xe86fb4be894258d3c6cb25fb1319932c2859f3e9aef820de4d24b244ece3dc90","Error in Main Txn : execution reverted","0x68747470","22410690","2025-05-04 13:27:47","0x290ca4da2c963dea5ae736469a5b8a53d64d4e6a","hyperliquid-hyperliquid-hyperliquid-hyperliquid-hyperliquid-hyperliquid-hyperliquid-hyperliquid-hyperliquid-hyperliquid-hyperliquid-hyperliquid-hyperliquid-hyperliquid-hyperliquid-hyperliquid-hyperliquid-hyperliquid-hyperliquid-hyperliquid-hyperliquid.eth","0x8ad599c3a0ff1de082011efddc58f1908eb6e6d8","Uniswap V3: USDC 2","0 ETH","$0.00","0.00002296"
"0xab4ba0f20b82d598438abf1dae50f644c05fd6ad1c2cfea641617c442999ff03","Error in Main Txn : execution reverted","0x68747470","22410605","2025-05-04 13:10:35","0x290ca4da2c963dea5ae736469a5b8a53d64d4e6a","hyperliquid-hyperliquid-hyperliquid-hyperliquid-hyperliquid-hyperliquid-hyperliquid-hyperliquid-hyperliquid-hyperliquid-hyperliquid-hyperliquid-hyperliquid-hyperliquid-hyperliquid-hyperliquid-hyperliquid-hyperliquid-hyperliquid-hyperliquid-hyperliquid.eth","0x8ad599c3a0ff1de082011efddc58f1908eb6e6d8","Uniswap V3: USDC 2","0 ETH","$0.00","0.00002296"
"0xa05de5eb032f87683f42f42e48951ca4e0c6647f75692d3a806cc595e806bf0f","Error in Main Txn : execution reverted","0x68747470","22410319","2025-05-04 12:12:47","0x290ca4da2c963dea5ae736469a5b8a53d64d4e6a","hyperliquid-hyperliquid-hyperliquid-hyperliquid-hyperliquid-hyperliquid-hyperliquid-hyperliquid-hyperliquid-hyperliquid-hyperliquid-hyperliquid-hyperliquid-hyperliquid-hyperliquid-hyperliquid-hyperliquid-hyperliquid-hyperliquid-hyperliquid-hyperliquid.eth","0x8ad599c3a0ff1de082011efddc58f1908eb6e6d8","Uniswap V3: USDC 2","0 ETH","$0.00","0.00002296"
"0x1add56f3e32ee9f3fbd17f4dab1a43dd607efdff5b1ef8391fa138f7cef9214d","Error in Main Txn : execution reverted","0x68747470","22410237","2025-05-04 11:55:47","0x290ca4da2c963dea5ae736469a5b8a53d64d4e6a","hyperliquid-hyperliquid-hyperliquid-hyperliquid-hyperliquid-hyperliquid-hyperliquid-hyperliquid-hyperliquid-hyperliquid-hyperliquid-hyperliquid-hyperliquid-hyperliquid-hyperliquid-hyperliquid-hyperliquid-hyperliquid-hyperliquid-hyperliquid-hyperliquid.eth","0x8ad599c3a0ff1de082011efddc58f1908eb6e6d8","Uniswap V3: USDC 2","0 ETH","$0.00","0.00002296"
"0x74b0045f744e7878a4ff9387f988d05f7781f84f75f3ee7ca8dddd7c7717b6a8","Error in Main Txn : execution reverted","0x68747470","22409952","2025-05-04 10:58:11","0x290ca4da2c963dea5ae736469a5b8a53d64d4e6a","hyperliquid-hyperliquid-hyperliquid-hyperliquid-hyperliquid-hyperliquid-hyperliquid-hyperliquid-hyperliquid-hyperliquid-hyperliquid-hyperliquid-hyperliquid-hyperliquid-hyperliquid-hyperliquid-hyperliquid-hyperliquid-hyperliquid-hyperliquid-hyperliquid.eth","0x8ad599c3a0ff1de082011efddc58f1908eb6e6d8","Uniswap V3: USDC 2","0 ETH","$0.00","0.00002296"
"0xeaeb0d817a12546f2a6a53c1ca21d6f4bfac0d1edec72f8a1bd597d8dbf57887","Error in Main Txn : execution reverted","0x68747470","22409865","2025-05-04 10:40:47","0x290ca4da2c963dea5ae736469a5b8a53d64d4e6a","hyperliquid-hyperliquid-hyperliquid-hyperliquid-hyperliquid-hyperliquid-hyperliquid-hyperliquid-hyperliquid-hyperliquid-hyperliquid-hyperliquid-hyperliquid-hyperliquid-hyperliquid-hyperliquid-hyperliquid-hyperliquid-hyperliquid-hyperliquid-hyperliquid.eth","0x8ad599c3a0ff1de082011efddc58f1908eb6e6d8","Uniswap V3: USDC 2","0 ETH","$0.00","0.00002296"
"0xddbfc5bf7796404702b02e12963616c74c12df0464fb3a4373b83b385e72e13f","Error in Main Txn : execution reverted","0x68747470","22409580","2025-05-04 09:43:23","0x290ca4da2c963dea5ae736469a5b8a53d64d4e6a","hyperliquid-hyperliquid-hyperliquid-hyperliquid-hyperliquid-hyperliquid-hyperliquid-hyperliquid-hyperliquid-hyperliquid-hyperliquid-hyperliquid-hyperliquid-hyperliquid-hyperliquid-hyperliquid-hyperliquid-hyperliquid-hyperliquid-hyperliquid-hyperliquid.eth","0x8ad599c3a0ff1de082011efddc58f1908eb6e6d8","Uniswap V3: USDC 2","0 ETH","$0.00","0.00002296"
"0x4ff469cc26ca05eb8f08f3c22bf2881dff342c54bb84792d980d6a878a0ac093","Error in Main Txn : execution reverted","0x68747470","22409493","2025-05-04 09:25:59","0x290ca4da2c963dea5ae736469a5b8a53d64d4e6a","hyperliquid-hyperliquid-hyperliquid-hyperliquid-hyperliquid-hyperliquid-hyperliquid-hyperliquid-hyperliquid-hyperliquid-hyperliquid-hyperliquid-hyperliquid-hyperliquid-hyperliquid-hyperliquid-hyperliquid-hyperliquid-hyperliquid-hyperliquid-hyperliquid.eth","0x8ad599c3a0ff1de082011efddc58f1908eb6e6d8","Uniswap V3: USDC 2","0 ETH","$0.00","0.00002296"
"0x91ba4a3a9d89def2616a90748e97db8f0f5fd526a029bb75f0e04d8364edd3a1","Error in Main Txn : execution reverted","0x68747470","22409209","2025-05-04 08:28:11","0x290ca4da2c963dea5ae736469a5b8a53d64d4e6a","hyperliquid-hyperliquid-hyperliquid-hyperliquid-hyperliquid-hyperliquid-hyperliquid-hyperliquid-hyperliquid-hyperliquid-hyperliquid-hyperliquid-hyperliquid-hyperliquid-hyperliquid-hyperliquid-hyperliquid-hyperliquid-hyperliquid-hyperliquid-hyperliquid.eth","0x8ad599c3a0ff1de082011efddc58f1908eb6e6d8","Uniswap V3: USDC 2","0 ETH","$0.00","0.00002296"
"0x7408dda3f84b171e4a32342bf9c595d03b31a9d7b843c935f71572ca963463d1","Error in Main Txn : execution reverted","0x68747470","22409123","2025-05-04 08:10:35","0x290ca4da2c963dea5ae736469a5b8a53d64d4e6a","hyperliquid-hyperliquid-hyperliquid-hyperliquid-hyperliquid-hyperliquid-hyperliquid-hyperliquid-hyperliquid-hyperliquid-hyperliquid-hyperliquid-hyperliquid-hyperliquid-hyperliquid-hyperliquid-hyperliquid-hyperliquid-hyperliquid-hyperliquid-hyperliquid.eth","0x8ad599c3a0ff1de082011efddc58f1908eb6e6d8","Uniswap V3: USDC 2","0 ETH","$0.00","0.00002296"
"0xa6c5d5cacbbdb16fb594129060adb9823dac232c400a9e44c400200a9f0d12c6","Error in Main Txn : execution reverted","0x68747470","22408842","2025-05-04 07:13:47","0x290ca4da2c963dea5ae736469a5b8a53d64d4e6a","hyperliquid-hyperliquid-hyperliquid-hyperliquid-hyperliquid-hyperliquid-hyperliquid-hyperliquid-hyperliquid-hyperliquid-hyperliquid-hyperliquid-hyperliquid-hyperliquid-hyperliquid-hyperliquid-hyperliquid-hyperliquid-hyperliquid-hyperliquid-hyperliquid.eth","0x8ad599c3a0ff1de082011efddc58f1908eb6e6d8","Uniswap V3: USDC 2","0 ETH","$0.00","0.00002296"
"0x1dd86d006710d71295ebf1ef6ee0872e24d57ad0523aaccabdfbfc53f2d38021","Error in Main Txn : execution reverted","0x68747470","22408754","2025-05-04 06:55:47","0x290ca4da2c963dea5ae736469a5b8a53d64d4e6a","hyperliquid-hyperliquid-hyperliquid-hyperliquid-hyperliquid-hyperliquid-hyperliquid-hyperliquid-hyperliquid-hyperliquid-hyperliquid-hyperliquid-hyperliquid-hyperliquid-hyperliquid-hyperliquid-hyperliquid-hyperliquid-hyperliquid-hyperliquid-hyperliquid.eth","0x8ad599c3a0ff1de082011efddc58f1908eb6e6d8","Uniswap V3: USDC 2","0 ETH","$0.00","0.00002296"
"0xdafe584699b25aeae5fff42c3ac75d3ba53a4db962f18c70078adde396a4c5a2","Error in Main Txn : execution reverted","0x68747470","22408467","2025-05-04 05:57:47","0x290ca4da2c963dea5ae736469a5b8a53d64d4e6a","hyperliquid-hyperliquid-hyperliquid-hyperliquid-hyperliquid-hyperliquid-hyperliquid-hyperliquid-hyperliquid-hyperliquid-hyperliquid-hyperliquid-hyperliquid-hyperliquid-hyperliquid-hyperliquid-hyperliquid-hyperliquid-hyperliquid-hyperliquid-hyperliquid.eth","0x8ad599c3a0ff1de082011efddc58f1908eb6e6d8","Uniswap V3: USDC 2","0 ETH","$0.00","0.00002296"
"0x63e1402feafa98b285015dedceb734603dd62234f1a8bcf0e8ed4d38622d398d","Error in Main Txn : execution reverted","0x68747470","22408381","2025-05-04 05:40:35","0x290ca4da2c963dea5ae736469a5b8a53d64d4e6a","hyperliquid-hyperliquid-hyperliquid-hyperliquid-hyperliquid-hyperliquid-hyperliquid-hyperliquid-hyperliquid-hyperliquid-hyperliquid-hyperliquid-hyperliquid-hyperliquid-hyperliquid-hyperliquid-hyperliquid-hyperliquid-hyperliquid-hyperliquid-hyperliquid.eth","0x8ad599c3a0ff1de082011efddc58f1908eb6e6d8","Uniswap V3: USDC 2","0 ETH","$0.00","0.00002296"
"0x6bc9685247a011387d552f22f74b37c244c478543b815c5e23427f78ef4fe332","Error in Main Txn : execution reverted","0x68747470","22408094","2025-05-04 04:42:59","0x290ca4da2c963dea5ae736469a5b8a53d64d4e6a","hyperliquid-hyperliquid-hyperliquid-hyperliquid-hyperliquid-hyperliquid-hyperliquid-hyperliquid-hyperliquid-hyperliquid-hyperliquid-hyperliquid-hyperliquid-hyperliquid-hyperliquid-hyperliquid-hyperliquid-hyperliquid-hyperliquid-hyperliquid-hyperliquid.eth","0x8ad599c3a0ff1de082011efddc58f1908eb6e6d8","Uniswap V3: USDC 2","0 ETH","$0.00","0.00002296"
"0xca819ab191d4cc025628e3984033f8c777bda026a6efa9360002d849d7dec737","Error in Main Txn : execution reverted","0x68747470","22408008","2025-05-04 04:25:47","0x290ca4da2c963dea5ae736469a5b8a53d64d4e6a","hyperliquid-hyperliquid-hyperliquid-hyperliquid-hyperliquid-hyperliquid-hyperliquid-hyperliquid-hyperliquid-hyperliquid-hyperliquid-hyperliquid-hyperliquid-hyperliquid-hyperliquid-hyperliquid-hyperliquid-hyperliquid-hyperliquid-hyperliquid-hyperliquid.eth","0x8ad599c3a0ff1de082011efddc58f1908eb6e6d8","Uniswap V3: USDC 2","0 ETH","$0.00","0.00002296"
"0x7800581c325d3553c227b4bcc258757eef807d906826275de9944703af8fcaa4","Error in Main Txn : execution reverted","0x68747470","22407725","2025-05-04 03:28:35","0x290ca4da2c963dea5ae736469a5b8a53d64d4e6a","hyperliquid-hyperliquid-hyperliquid-hyperliquid-hyperliquid-hyperliquid-hyperliquid-hyperliquid-hyperliquid-hyperliquid-hyperliquid-hyperliquid-hyperliquid-hyperliquid-hyperliquid-hyperliquid-hyperliquid-hyperliquid-hyperliquid-hyperliquid-hyperliquid.eth","0x8ad599c3a0ff1de082011efddc58f1908eb6e6d8","Uniswap V3: USDC 2","0 ETH","$0.00","0.00002296"
"0x69568997d2f527921751afa9ef937cccfad3d120cc1675b96094ac2ef87c3074","Error in Main Txn : execution reverted","0x68747470","22407638","2025-05-04 03:11:11","0x290ca4da2c963dea5ae736469a5b8a53d64d4e6a","hyperliquid-hyperliquid-hyperliquid-hyperliquid-hyperliquid-hyperliquid-hyperliquid-hyperliquid-hyperliquid-hyperliquid-hyperliquid-hyperliquid-hyperliquid-hyperliquid-hyperliquid-hyperliquid-hyperliquid-hyperliquid-hyperliquid-hyperliquid-hyperliquid.eth","0x8ad599c3a0ff1de082011efddc58f1908eb6e6d8","Uniswap V3: USDC 2","0 ETH","$0.00","0.00002296"
"0xf0269a2fd18c2ef0a0a4589dda599ffb381355cb74ab6110269cb36ca4c8c7e2","Error in Main Txn : execution reverted","0x68747470","22407354","2025-05-04 02:13:35","0x290ca4da2c963dea5ae736469a5b8a53d64d4e6a","hyperliquid-hyperliquid-hyperliquid-hyperliquid-hyperliquid-hyperliquid-hyperliquid-hyperliquid-hyperliquid-hyperliquid-hyperliquid-hyperliquid-hyperliquid-hyperliquid-hyperliquid-hyperliquid-hyperliquid-hyperliquid-hyperliquid-hyperliquid-hyperliquid.eth","0x8ad599c3a0ff1de082011efddc58f1908eb6e6d8","Uniswap V3: USDC 2","0 ETH","$0.00","0.00002296"
"0x1924f44590cae8ebc297362c06841ba9c95b7de9415a9dbd84a8793163f9e180","Error in Main Txn : execution reverted","0x68747470","22407267","2025-05-04 01:56:11","0x290ca4da2c963dea5ae736469a5b8a53d64d4e6a","hyperliquid-hyperliquid-hyperliquid-hyperliquid-hyperliquid-hyperliquid-hyperliquid-hyperliquid-hyperliquid-hyperliquid-hyperliquid-hyperliquid-hyperliquid-hyperliquid-hyperliquid-hyperliquid-hyperliquid-hyperliquid-hyperliquid-hyperliquid-hyperliquid.eth","0x8ad599c3a0ff1de082011efddc58f1908eb6e6d8","Uniswap V3: USDC 2","0 ETH","$0.00","0.00002296"
"0x42479839f1be27c64bbabc09dd123c184dbd54632d941c2fc26351a5205bc337","Error in Main Txn : execution reverted","0x68747470","22407010","2025-05-04 01:04:23","0x290ca4da2c963dea5ae736469a5b8a53d64d4e6a","hyperliquid-hyperliquid-hyperliquid-hyperliquid-hyperliquid-hyperliquid-hyperliquid-hyperliquid-hyperliquid-hyperliquid-hyperliquid-hyperliquid-hyperliquid-hyperliquid-hyperliquid-hyperliquid-hyperliquid-hyperliquid-hyperliquid-hyperliquid-hyperliquid.eth","0x8ad599c3a0ff1de082011efddc58f1908eb6e6d8","Uniswap V3: USDC 2","0 ETH","$0.00","0.00002278"
"0x8d4336efe50c543bdba64a96cb46b774612d56bfce51e5a94f6d08a36cf0f630","Error in Main Txn : execution reverted","0x68747470","22406923","2025-05-04 00:46:35","0x290ca4da2c963dea5ae736469a5b8a53d64d4e6a","hyperliquid-hyperliquid-hyperliquid-hyperliquid-hyperliquid-hyperliquid-hyperliquid-hyperliquid-hyperliquid-hyperliquid-hyperliquid-hyperliquid-hyperliquid-hyperliquid-hyperliquid-hyperliquid-hyperliquid-hyperliquid-hyperliquid-hyperliquid-hyperliquid.eth","0x8ad599c3a0ff1de082011efddc58f1908eb6e6d8","Uniswap V3: USDC 2","0 ETH","$0.00","0.00002278"
"0x613163525d40693f10fdb5fbb26dcf51904667c43119c01626678656584fb42a","Error in Main Txn : execution reverted","0x68747470","22406280","2025-05-03 22:36:35","0x290ca4da2c963dea5ae736469a5b8a53d64d4e6a","hyperliquid-hyperliquid-hyperliquid-hyperliquid-hyperliquid-hyperliquid-hyperliquid-hyperliquid-hyperliquid-hyperliquid-hyperliquid-hyperliquid-hyperliquid-hyperliquid-hyperliquid-hyperliquid-hyperliquid-hyperliquid-hyperliquid-hyperliquid-hyperliquid.eth","0x8ad599c3a0ff1de082011efddc58f1908eb6e6d8","Uniswap V3: USDC 2","0 ETH","$0.00","0.00004112"